Round Number,Date,Location,Home Team,Away Team,Winner,Result
1,10/08/2018 20:00,Old Trafford,Man Utd,Leicester,H,2 - 1
1,11/08/2018 12:30,St. James' Park,Newcastle,Spurs,A,1 - 2
1,11/08/2018 15:00,Vitality Stadium,Bournemouth,Cardiff,H,2 - 0
1,11/08/2018 15:00,Craven Cottage,Fulham,Crystal Palace,A,0 - 2
1,11/08/2018 15:00,John Smith's Stadium,Huddersfield,Chelsea,A,0 - 3
1,11/08/2018 15:00,Vicarage Road,Watford,Brighton,H,2 - 0
1,11/08/2018 17:30,Molineux Stadium,Wolves,Everton,D,2 - 2
1,12/08/2018 13:30,Anfield,Liverpool,West Ham,H,4 - 0
1,12/08/2018 13:30,St. Mary's Stadium,Southampton,Burnley,D,0 - 0
1,12/08/2018 16:00,Emirates Stadium,Arsenal,Man City,A,0 - 2
2,18/08/2018 12:30,Cardiff City Stadium,Cardiff,Newcastle,D,0 - 0
2,18/08/2018 15:00,Goodison Park,Everton,Southampton,H,2 - 1
2,18/08/2018 15:00,King Power Stadium,Leicester,Wolves,H,2 - 0
2,18/08/2018 15:00,Wembley Stadium,Spurs,Fulham,H,3 - 1
2,18/08/2018 15:00,London Stadium,West Ham,Bournemouth,A,1 - 2
2,18/08/2018 17:30,Stamford Bridge,Chelsea,Arsenal,H,3 - 2
2,19/08/2018 13:30,Turf Moor,Burnley,Watford,A,1 - 3
2,19/08/2018 13:30,Etihad Stadium,Man City,Huddersfield,H,6 - 1
2,19/08/2018 16:00,Amex Stadium,Brighton,Man Utd,H,3 - 2
2,20/08/2018 20:00,Selhurst Park,Crystal Palace,Liverpool,A,0 - 2
3,25/08/2018 12:30,Molineux Stadium,Wolves,Man City,D,1 - 1
3,25/08/2018 15:00,Emirates Stadium,Arsenal,West Ham,H,3 - 1
3,25/08/2018 15:00,Vitality Stadium,Bournemouth,Everton,D,2 - 2
3,25/08/2018 15:00,John Smith's Stadium,Huddersfield,Cardiff,D,0 - 0
3,25/08/2018 15:00,St. Mary's Stadium,Southampton,Leicester,A,1 - 2
3,25/08/2018 17:30,Anfield,Liverpool,Brighton,H,1 - 0
3,26/08/2018 13:30,Vicarage Road,Watford,Crystal Palace,H,2 - 1
3,26/08/2018 16:00,Craven Cottage,Fulham,Burnley,H,4 - 2
3,26/08/2018 16:00,St. James' Park,Newcastle,Chelsea,A,1 - 2
3,27/08/2018 20:00,Old Trafford,Man Utd,Spurs,A,0 - 3
4,01/09/2018 12:30,King Power Stadium,Leicester,Liverpool,A,1 - 2
4,01/09/2018 15:00,Amex Stadium,Brighton,Fulham,D,2 - 2
4,01/09/2018 15:00,Stamford Bridge,Chelsea,Bournemouth,H,2 - 0
4,01/09/2018 15:00,Selhurst Park,Crystal Palace,Southampton,A,0 - 2
4,01/09/2018 15:00,Goodison Park,Everton,Huddersfield,D,1 - 1
4,01/09/2018 15:00,London Stadium,West Ham,Wolves,A,0 - 1
4,01/09/2018 17:30,Etihad Stadium,Man City,Newcastle,H,2 - 1
4,02/09/2018 13:30,Cardiff City Stadium,Cardiff,Arsenal,A,2 - 3
4,02/09/2018 16:00,Turf Moor,Burnley,Man Utd,A,0 - 2
4,02/09/2018 16:00,Vicarage Road,Watford,Spurs,H,2 - 1
5,15/09/2018 12:30,Wembley Stadium,Spurs,Liverpool,A,1 - 2
5,15/09/2018 15:00,Vitality Stadium,Bournemouth,Leicester,H,4 - 2
5,15/09/2018 15:00,Stamford Bridge,Chelsea,Cardiff,H,4 - 1
5,15/09/2018 15:00,John Smith's Stadium,Huddersfield,Crystal Palace,A,0 - 1
5,15/09/2018 15:00,Etihad Stadium,Man City,Fulham,H,3 - 0
5,15/09/2018 15:00,St. James' Park,Newcastle,Arsenal,A,1 - 2
5,15/09/2018 17:30,Vicarage Road,Watford,Man Utd,A,1 - 2
5,16/09/2018 13:30,Molineux Stadium,Wolves,Burnley,H,1 - 0
5,16/09/2018 16:00,Goodison Park,Everton,West Ham,A,1 - 3
5,17/09/2018 20:00,St. Mary's Stadium,Southampton,Brighton,D,2 - 2
6,22/09/2018 12:30,Craven Cottage,Fulham,Watford,D,1 - 1
6,22/09/2018 15:00,Turf Moor,Burnley,Bournemouth,H,4 - 0
6,22/09/2018 15:00,Cardiff City Stadium,Cardiff,Man City,A,0 - 5
6,22/09/2018 15:00,Selhurst Park,Crystal Palace,Newcastle,D,0 - 0
6,22/09/2018 15:00,King Power Stadium,Leicester,Huddersfield,H,3 - 1
6,22/09/2018 15:00,Anfield,Liverpool,Southampton,H,3 - 0
6,22/09/2018 15:00,Old Trafford,Man Utd,Wolves,D,1 - 1
6,22/09/2018 17:30,Amex Stadium,Brighton,Spurs,A,1 - 2
6,23/09/2018 13:30,London Stadium,West Ham,Chelsea,D,0 - 0
6,23/09/2018 16:00,Emirates Stadium,Arsenal,Everton,H,2 - 0
7,29/09/2018 12:30,London Stadium,West Ham,Man Utd,H,3 - 1
7,29/09/2018 15:00,Emirates Stadium,Arsenal,Watford,H,2 - 0
7,29/09/2018 15:00,Goodison Park,Everton,Fulham,H,3 - 0
7,29/09/2018 15:00,John Smith's Stadium,Huddersfield,Spurs,A,0 - 2
7,29/09/2018 15:00,Etihad Stadium,Man City,Brighton,H,2 - 0
7,29/09/2018 15:00,St. James' Park,Newcastle,Leicester,A,0 - 2
7,29/09/2018 15:00,Molineux Stadium,Wolves,Southampton,H,2 - 0
7,29/09/2018 17:30,Stamford Bridge,Chelsea,Liverpool,D,1 - 1
7,30/09/2018 16:00,Cardiff City Stadium,Cardiff,Burnley,A,1 - 2
7,01/10/2018 20:00,Vitality Stadium,Bournemouth,Crystal Palace,H,2 - 1
8,05/10/2018 20:00,Amex Stadium,Brighton,West Ham,H,1 - 0
8,06/10/2018 15:00,Turf Moor,Burnley,Huddersfield,D,1 - 1
8,06/10/2018 15:00,Selhurst Park,Crystal Palace,Wolves,A,0 - 1
8,06/10/2018 15:00,King Power Stadium,Leicester,Everton,A,1 - 2
8,06/10/2018 15:00,Wembley Stadium,Spurs,Cardiff,H,1 - 0
8,06/10/2018 15:00,Vicarage Road,Watford,Bournemouth,A,0 - 4
8,06/10/2018 17:30,Old Trafford,Man Utd,Newcastle,H,3 - 2
8,07/10/2018 12:00,Craven Cottage,Fulham,Arsenal,A,1 - 5
8,07/10/2018 14:15,St. Mary's Stadium,Southampton,Chelsea,A,0 - 3
8,07/10/2018 16:30,Anfield,Liverpool,Man City,D,0 - 0
9,20/10/2018 12:30,Stamford Bridge,Chelsea,Man Utd,D,2 - 2
9,20/10/2018 15:00,Vitality Stadium,Bournemouth,Southampton,D,0 - 0
9,20/10/2018 15:00,Cardiff City Stadium,Cardiff,Fulham,H,4 - 2
9,20/10/2018 15:00,Etihad Stadium,Man City,Burnley,H,5 - 0
9,20/10/2018 15:00,St. James' Park,Newcastle,Brighton,A,0 - 1
9,20/10/2018 15:00,London Stadium,West Ham,Spurs,A,0 - 1
9,20/10/2018 15:00,Molineux Stadium,Wolves,Watford,A,0 - 2
9,20/10/2018 17:30,John Smith's Stadium,Huddersfield,Liverpool,A,0 - 1
9,21/10/2018 16:00,Goodison Park,Everton,Crystal Palace,H,2 - 0
9,22/10/2018 20:00,Emirates Stadium,Arsenal,Leicester,H,3 - 1
10,27/10/2018 15:00,Amex Stadium,Brighton,Wolves,H,1 - 0
10,27/10/2018 15:00,Craven Cottage,Fulham,Bournemouth,A,0 - 3
10,27/10/2018 15:00,Anfield,Liverpool,Cardiff,H,4 - 1
10,27/10/2018 15:00,St. Mary's Stadium,Southampton,Newcastle,D,0 - 0
10,27/10/2018 15:00,Vicarage Road,Watford,Huddersfield,H,3 - 0
10,27/10/2018 17:30,King Power Stadium,Leicester,West Ham,D,1 - 1
10,28/10/2018 13:30,Turf Moor,Burnley,Chelsea,A,0 - 4
10,28/10/2018 13:30,Selhurst Park,Crystal Palace,Arsenal,D,2 - 2
10,28/10/2018 16:00,Old Trafford,Man Utd,Everton,H,2 - 1
10,29/10/2018 20:00,Wembley Stadium,Spurs,Man City,A,0 - 1
11,03/11/2018 12:30,Vitality Stadium,Bournemouth,Man Utd,A,1 - 2
11,03/11/2018 15:00,Cardiff City Stadium,Cardiff,Leicester,A,0 - 1
11,03/11/2018 15:00,Goodison Park,Everton,Brighton,H,3 - 1
11,03/11/2018 15:00,St. James' Park,Newcastle,Watford,H,1 - 0
11,03/11/2018 15:00,London Stadium,West Ham,Burnley,H,4 - 2
11,03/11/2018 17:30,Emirates Stadium,Arsenal,Liverpool,D,1 - 1
11,03/11/2018 19:45,Molineux Stadium,Wolves,Spurs,A,2 - 3
11,04/11/2018 15:00,Etihad Stadium,Man City,Southampton,H,6 - 1
11,04/11/2018 16:00,Stamford Bridge,Chelsea,Crystal Palace,H,3 - 1
11,05/11/2018 20:00,John Smith's Stadium,Huddersfield,Fulham,H,1 - 0
12,10/11/2018 12:30,Cardiff City Stadium,Cardiff,Brighton,H,2 - 1
12,10/11/2018 15:00,John Smith's Stadium,Huddersfield,West Ham,D,1 - 1
12,10/11/2018 15:00,King Power Stadium,Leicester,Burnley,D,0 - 0
12,10/11/2018 15:00,St. James' Park,Newcastle,Bournemouth,H,2 - 1
12,10/11/2018 15:00,St. Mary's Stadium,Southampton,Watford,D,1 - 1
12,10/11/2018 17:30,Selhurst Park,Crystal Palace,Spurs,A,0 - 1
12,11/11/2018 12:00,Anfield,Liverpool,Fulham,H,2 - 0
12,11/11/2018 14:15,Stamford Bridge,Chelsea,Everton,D,0 - 0
12,11/11/2018 16:30,Emirates Stadium,Arsenal,Wolves,D,1 - 1
12,11/11/2018 16:30,Etihad Stadium,Man City,Man Utd,H,3 - 1
13,24/11/2018 15:00,Amex Stadium,Brighton,Leicester,D,1 - 1
13,24/11/2018 15:00,Goodison Park,Everton,Cardiff,H,1 - 0
13,24/11/2018 15:00,Craven Cottage,Fulham,Southampton,H,3 - 2
13,24/11/2018 15:00,Old Trafford,Man Utd,Crystal Palace,D,0 - 0
13,24/11/2018 15:00,Vicarage Road,Watford,Liverpool,A,0 - 3
13,24/11/2018 15:00,London Stadium,West Ham,Man City,A,0 - 4
13,24/11/2018 17:30,Tottenham Hotspur Stadium,Spurs,Chelsea,H,3 - 1
13,25/11/2018 13:30,Vitality Stadium,Bournemouth,Arsenal,A,1 - 2
13,25/11/2018 16:00,Molineux Stadium,Wolves,Huddersfield,A,0 - 2
13,26/11/2018 20:30,Turf Moor,Burnley,Newcastle,A,1 - 2
14,30/11/2018 20:00,Cardiff City Stadium,Cardiff,Wolves,H,2 - 1
14,01/12/2018 15:00,Selhurst Park,Crystal Palace,Burnley,H,2 - 0
14,01/12/2018 15:00,John Smith's Stadium,Huddersfield,Brighton,A,1 - 2
14,01/12/2018 15:00,King Power Stadium,Leicester,Watford,H,2 - 0
14,01/12/2018 15:00,Etihad Stadium,Man City,Bournemouth,H,3 - 1
14,01/12/2018 15:00,St. James' Park,Newcastle,West Ham,A,0 - 3
14,01/12/2018 17:30,St. Mary's Stadium,Southampton,Man Utd,D,2 - 2
14,02/12/2018 12:00,Stamford Bridge,Chelsea,Fulham,H,2 - 0
14,02/12/2018 14:05,Emirates Stadium,Arsenal,Spurs,H,4 - 2
14,02/12/2018 16:15,Anfield,Liverpool,Everton,H,1 - 0
15,04/12/2018 19:45,Vitality Stadium,Bournemouth,Huddersfield,H,2 - 1
15,04/12/2018 19:45,Amex Stadium,Brighton,Crystal Palace,H,3 - 1
15,04/12/2018 19:45,London Stadium,West Ham,Cardiff,H,3 - 1
15,04/12/2018 20:00,Vicarage Road,Watford,Man City,A,1 - 2
15,05/12/2018 19:45,Turf Moor,Burnley,Liverpool,A,1 - 3
15,05/12/2018 19:45,Craven Cottage,Fulham,Leicester,D,1 - 1
15,05/12/2018 19:45,Molineux Stadium,Wolves,Chelsea,H,2 - 1
15,05/12/2018 19:45,Goodison Park,Everton,Newcastle,D,1 - 1
15,05/12/2018 20:00,Old Trafford,Man Utd,Arsenal,D,2 - 2
15,05/12/2018 20:00,Tottenham Hotspur Stadium,Spurs,Southampton,H,3 - 1
16,08/12/2018 12:30,Vitality Stadium,Bournemouth,Liverpool,A,0 - 4
16,08/12/2018 15:00,Emirates Stadium,Arsenal,Huddersfield,H,1 - 0
16,08/12/2018 15:00,Turf Moor,Burnley,Brighton,H,1 - 0
16,08/12/2018 15:00,Cardiff City Stadium,Cardiff,Southampton,H,1 - 0
16,08/12/2018 15:00,Old Trafford,Man Utd,Fulham,H,4 - 1
16,08/12/2018 15:00,London Stadium,West Ham,Crystal Palace,H,3 - 2
16,08/12/2018 17:30,Stamford Bridge,Chelsea,Man City,H,2 - 0
16,08/12/2018 19:45,King Power Stadium,Leicester,Spurs,A,0 - 2
16,09/12/2018 16:00,St. James' Park,Newcastle,Wolves,A,1 - 2
16,10/12/2018 20:00,Goodison Park,Everton,Watford,D,2 - 2
17,15/12/2018 12:30,Etihad Stadium,Man City,Everton,H,3 - 1
17,15/12/2018 15:00,Selhurst Park,Crystal Palace,Leicester,H,1 - 0
17,15/12/2018 15:00,John Smith's Stadium,Huddersfield,Newcastle,A,0 - 1
17,15/12/2018 15:00,Tottenham Hotspur Stadium,Spurs,Burnley,H,1 - 0
17,15/12/2018 15:00,Vicarage Road,Watford,Cardiff,H,3 - 2
17,15/12/2018 15:00,Molineux Stadium,Wolves,Bournemouth,H,2 - 0
17,15/12/2018 17:30,Craven Cottage,Fulham,West Ham,A,0 - 2
17,16/12/2018 13:30,Amex Stadium,Brighton,Chelsea,A,1 - 2
17,16/12/2018 13:30,St. Mary's Stadium,Southampton,Arsenal,H,3 - 2
17,16/12/2018 16:00,Anfield,Liverpool,Man Utd,H,3 - 1
18,21/12/2018 20:00,Molineux Stadium,Wolves,Liverpool,A,0 - 2
18,22/12/2018 12:30,Emirates Stadium,Arsenal,Burnley,H,3 - 1
18,22/12/2018 15:00,Vitality Stadium,Bournemouth,Brighton,H,2 - 0
18,22/12/2018 15:00,Stamford Bridge,Chelsea,Leicester,A,0 - 1
18,22/12/2018 15:00,John Smith's Stadium,Huddersfield,Southampton,A,1 - 3
18,22/12/2018 15:00,Etihad Stadium,Man City,Crystal Palace,A,2 - 3
18,22/12/2018 15:00,St. James' Park,Newcastle,Fulham,D,0 - 0
18,22/12/2018 15:00,London Stadium,West Ham,Watford,A,0 - 2
18,22/12/2018 17:30,Cardiff City Stadium,Cardiff,Man Utd,A,1 - 5
18,23/12/2018 16:00,Goodison Park,Everton,Spurs,A,2 - 6
19,26/12/2018 12:30,Craven Cottage,Fulham,Wolves,D,1 - 1
19,26/12/2018 15:00,Turf Moor,Burnley,Everton,A,1 - 5
19,26/12/2018 15:00,Selhurst Park,Crystal Palace,Cardiff,D,0 - 0
19,26/12/2018 15:00,King Power Stadium,Leicester,Man City,H,2 - 1
19,26/12/2018 15:00,Anfield,Liverpool,Newcastle,H,4 - 0
19,26/12/2018 15:00,Old Trafford,Man Utd,Huddersfield,H,3 - 1
19,26/12/2018 15:00,Tottenham Hotspur Stadium,Spurs,Bournemouth,H,5 - 0
19,26/12/2018 17:15,Amex Stadium,Brighton,Arsenal,D,1 - 1
19,26/12/2018 19:30,Vicarage Road,Watford,Chelsea,A,1 - 2
19,27/12/2018 19:45,St. Mary's Stadium,Southampton,West Ham,A,1 - 2
20,29/12/2018 15:00,Amex Stadium,Brighton,Everton,H,1 - 0
20,29/12/2018 15:00,Craven Cottage,Fulham,Huddersfield,H,1 - 0
20,29/12/2018 15:00,King Power Stadium,Leicester,Cardiff,A,0 - 1
20,29/12/2018 15:00,Tottenham Hotspur Stadium,Spurs,Wolves,A,1 - 3
20,29/12/2018 15:00,Vicarage Road,Watford,Newcastle,D,1 - 1
20,29/12/2018 17:30,Anfield,Liverpool,Arsenal,H,5 - 1
20,30/12/2018 12:00,Selhurst Park,Crystal Palace,Chelsea,A,0 - 1
20,30/12/2018 14:15,Turf Moor,Burnley,West Ham,H,2 - 0
20,30/12/2018 14:15,St. Mary's Stadium,Southampton,Man City,A,1 - 3
20,30/12/2018 16:30,Old Trafford,Man Utd,Bournemouth,H,4 - 1
21,01/01/2019 12:30,Goodison Park,Everton,Leicester,A,0 - 1
21,01/01/2019 15:00,Emirates Stadium,Arsenal,Fulham,H,4 - 1
21,01/01/2019 17:30,Cardiff City Stadium,Cardiff,Spurs,A,0 - 3
21,02/01/2019 19:45,Vitality Stadium,Bournemouth,Watford,D,3 - 3
21,02/01/2019 19:45,Stamford Bridge,Chelsea,Southampton,D,0 - 0
21,02/01/2019 19:45,John Smith's Stadium,Huddersfield,Burnley,A,1 - 2
21,02/01/2019 19:45,London Stadium,West Ham,Brighton,D,2 - 2
21,02/01/2019 19:45,Molineux Stadium,Wolves,Crystal Palace,A,0 - 2
21,02/01/2019 20:00,St. James' Park,Newcastle,Man Utd,A,0 - 2
21,03/01/2019 20:00,Etihad Stadium,Man City,Liverpool,H,2 - 1
22,12/01/2019 12:30,London Stadium,West Ham,Arsenal,H,1 - 0
22,12/01/2019 15:00,Amex Stadium,Brighton,Liverpool,A,0 - 1
22,12/01/2019 15:00,Turf Moor,Burnley,Fulham,H,2 - 1
22,12/01/2019 15:00,Cardiff City Stadium,Cardiff,Huddersfield,D,0 - 0
22,12/01/2019 15:00,Selhurst Park,Crystal Palace,Watford,A,1 - 2
22,12/01/2019 15:00,King Power Stadium,Leicester,Southampton,A,1 - 2
22,12/01/2019 17:30,Stamford Bridge,Chelsea,Newcastle,H,2 - 1
22,13/01/2019 14:15,Goodison Park,Everton,Bournemouth,H,2 - 0
22,13/01/2019 16:03,Tottenham Hotspur Stadium,Spurs,Man Utd,A,0 - 1
22,14/01/2019 20:00,Etihad Stadium,Man City,Wolves,H,3 - 0
23,19/01/2019 12:30,Molineux Stadium,Wolves,Leicester,H,4 - 3
23,19/01/2019 15:00,Vitality Stadium,Bournemouth,West Ham,H,2 - 0
23,19/01/2019 15:00,Anfield,Liverpool,Crystal Palace,H,4 - 3
23,19/01/2019 15:00,Old Trafford,Man Utd,Brighton,H,2 - 1
23,19/01/2019 15:00,St. James' Park,Newcastle,Cardiff,H,3 - 0
23,19/01/2019 15:00,St. Mary's Stadium,Southampton,Everton,H,2 - 1
23,19/01/2019 15:00,Vicarage Road,Watford,Burnley,D,0 - 0
23,19/01/2019 17:30,Emirates Stadium,Arsenal,Chelsea,H,2 - 0
23,20/01/2019 13:30,John Smith's Stadium,Huddersfield,Man City,A,0 - 3
23,20/01/2019 16:00,Craven Cottage,Fulham,Spurs,A,1 - 2
24,29/01/2019 19:45,Emirates Stadium,Arsenal,Cardiff,H,2 - 1
24,29/01/2019 19:45,Craven Cottage,Fulham,Brighton,H,4 - 2
24,29/01/2019 19:45,John Smith's Stadium,Huddersfield,Everton,A,0 - 1
24,29/01/2019 19:45,Molineux Stadium,Wolves,West Ham,H,3 - 0
24,29/01/2019 20:00,Old Trafford,Man Utd,Burnley,D,2 - 2
24,29/01/2019 20:00,St. James' Park,Newcastle,Man City,H,2 - 1
24,30/01/2019 19:45,Vitality Stadium,Bournemouth,Chelsea,H,4 - 0
24,30/01/2019 19:45,St. Mary's Stadium,Southampton,Crystal Palace,D,1 - 1
24,30/01/2019 20:00,Anfield,Liverpool,Leicester,D,1 - 1
24,30/01/2019 20:00,Tottenham Hotspur Stadium,Spurs,Watford,H,2 - 1
25,02/02/2019 12:30,Tottenham Hotspur Stadium,Spurs,Newcastle,H,1 - 0
25,02/02/2019 15:00,Amex Stadium,Brighton,Watford,D,0 - 0
25,02/02/2019 15:00,Turf Moor,Burnley,Southampton,D,1 - 1
25,02/02/2019 15:00,Stamford Bridge,Chelsea,Huddersfield,H,5 - 0
25,02/02/2019 15:00,Selhurst Park,Crystal Palace,Fulham,H,2 - 0
25,02/02/2019 15:00,Goodison Park,Everton,Wolves,A,1 - 3
25,02/02/2019 17:30,Cardiff City Stadium,Cardiff,Bournemouth,H,2 - 0
25,03/02/2019 14:05,King Power Stadium,Leicester,Man Utd,A,0 - 1
25,03/02/2019 16:30,Etihad Stadium,Man City,Arsenal,H,3 - 1
25,04/02/2019 20:00,London Stadium,West Ham,Liverpool,D,1 - 1
26,06/02/2019 19:45,Goodison Park,Everton,Man City,A,0 - 2
26,09/02/2019 12:30,Craven Cottage,Fulham,Man Utd,A,0 - 3
26,09/02/2019 15:00,Selhurst Park,Crystal Palace,West Ham,D,1 - 1
26,09/02/2019 15:00,John Smith's Stadium,Huddersfield,Arsenal,A,1 - 2
26,09/02/2019 15:00,Anfield,Liverpool,Bournemouth,H,3 - 0
26,09/02/2019 15:00,St. Mary's Stadium,Southampton,Cardiff,A,1 - 2
26,09/02/2019 15:00,Vicarage Road,Watford,Everton,H,1 - 0
26,09/02/2019 17:30,Amex Stadium,Brighton,Burnley,A,1 - 3
26,10/02/2019 13:30,Tottenham Hotspur Stadium,Spurs,Leicester,H,3 - 1
26,10/02/2019 16:00,Etihad Stadium,Man City,Chelsea,H,6 - 0
26,11/02/2019 20:00,Molineux Stadium,Wolves,Newcastle,D,1 - 1
27,22/02/2019 19:45,Cardiff City Stadium,Cardiff,Watford,A,1 - 5
27,22/02/2019 19:45,London Stadium,West Ham,Fulham,H,3 - 1
27,23/02/2019 12:30,Turf Moor,Burnley,Spurs,H,2 - 1
27,23/02/2019 15:00,Vitality Stadium,Bournemouth,Wolves,D,1 - 1
27,23/02/2019 15:00,St. James' Park,Newcastle,Huddersfield,H,2 - 0
27,23/02/2019 17:30,King Power Stadium,Leicester,Crystal Palace,A,1 - 4
27,24/02/2019 14:05,Emirates Stadium,Arsenal,Southampton,H,2 - 0
27,24/02/2019 14:05,Old Trafford,Man Utd,Liverpool,D,0 - 0
28,26/02/2019 19:45,Cardiff City Stadium,Cardiff,Everton,A,0 - 3
28,26/02/2019 19:45,John Smith's Stadium,Huddersfield,Wolves,H,1 - 0
28,26/02/2019 19:45,King Power Stadium,Leicester,Brighton,H,2 - 1
28,26/02/2019 20:00,St. James' Park,Newcastle,Burnley,H,2 - 0
28,27/02/2019 19:45,Emirates Stadium,Arsenal,Bournemouth,H,5 - 1
28,27/02/2019 19:45,St. Mary's Stadium,Southampton,Fulham,H,2 - 0
28,27/02/2019 20:00,Selhurst Park,Crystal Palace,Man Utd,A,1 - 3
28,27/02/2019 20:00,Stamford Bridge,Chelsea,Spurs,H,2 - 0
28,27/02/2019 20:00,Anfield,Liverpool,Watford,H,5 - 0
28,27/02/2019 20:00,Etihad Stadium,Man City,West Ham,H,1 - 0
29,02/03/2019 12:30,Tottenham Hotspur Stadium,Spurs,Arsenal,D,1 - 1
29,02/03/2019 15:00,Vitality Stadium,Bournemouth,Man City,A,0 - 1
29,02/03/2019 15:00,Amex Stadium,Brighton,Huddersfield,H,1 - 0
29,02/03/2019 15:00,Turf Moor,Burnley,Crystal Palace,A,1 - 3
29,02/03/2019 15:00,Old Trafford,Man Utd,Southampton,H,3 - 2
29,02/03/2019 15:00,Molineux Stadium,Wolves,Cardiff,H,2 - 0
29,02/03/2019 17:30,London Stadium,West Ham,Newcastle,H,2 - 0
29,03/03/2019 12:00,Vicarage Road,Watford,Leicester,H,2 - 1
29,03/03/2019 14:05,Craven Cottage,Fulham,Chelsea,A,1 - 2
29,03/03/2019 16:15,Goodison Park,Everton,Liverpool,D,0 - 0
30,09/03/2019 12:30,Selhurst Park,Crystal Palace,Brighton,A,1 - 2
30,09/03/2019 15:00,Cardiff City Stadium,Cardiff,West Ham,H,2 - 0
30,09/03/2019 15:00,John Smith's Stadium,Huddersfield,Bournemouth,A,0 - 2
30,09/03/2019 15:00,King Power Stadium,Leicester,Fulham,H,3 - 1
30,09/03/2019 15:00,St. James' Park,Newcastle,Everton,H,3 - 2
30,09/03/2019 15:00,St. Mary's Stadium,Southampton,Spurs,H,2 - 1
30,09/03/2019 17:30,Etihad Stadium,Man City,Watford,H,3 - 1
30,10/03/2019 12:00,Anfield,Liverpool,Burnley,H,4 - 2
30,10/03/2019 14:05,Stamford Bridge,Chelsea,Wolves,D,1 - 1
30,10/03/2019 16:30,Emirates Stadium,Arsenal,Man Utd,H,2 - 0
31,16/03/2019 15:00,Vitality Stadium,Bournemouth,Newcastle,D,2 - 2
31,16/03/2019 15:00,Turf Moor,Burnley,Leicester,A,1 - 2
31,16/03/2019 15:00,London Stadium,West Ham,Huddersfield,H,4 - 3
31,17/03/2019 14:15,Craven Cottage,Fulham,Liverpool,A,1 - 2
31,17/03/2019 16:30,Goodison Park,Everton,Chelsea,H,2 - 0
32,30/03/2019 12:30,Craven Cottage,Fulham,Man City,A,0 - 2
32,30/03/2019 15:00,Amex Stadium,Brighton,Southampton,A,0 - 1
32,30/03/2019 15:00,Turf Moor,Burnley,Wolves,H,2 - 0
32,30/03/2019 15:00,Selhurst Park,Crystal Palace,Huddersfield,H,2 - 0
32,30/03/2019 15:00,King Power Stadium,Leicester,Bournemouth,H,2 - 0
32,30/03/2019 15:00,Old Trafford,Man Utd,Watford,H,2 - 1
32,30/03/2019 17:30,London Stadium,West Ham,Everton,A,0 - 2
32,31/03/2019 14:05,Cardiff City Stadium,Cardiff,Chelsea,A,1 - 2
32,31/03/2019 16:30,Anfield,Liverpool,Spurs,H,2 - 1
32,01/04/2019 20:00,Emirates Stadium,Arsenal,Newcastle,H,2 - 0
32,02/04/2019 19:45,Vicarage Road,Watford,Fulham,H,4 - 1
32,02/04/2019 19:45,Molineux Stadium,Wolves,Man Utd,H,2 - 1
32,03/04/2019 19:45,Stamford Bridge,Chelsea,Brighton,H,3 - 0
32,03/04/2019 19:45,Tottenham Hotspur Stadium,Spurs,Crystal Palace,H,2 - 0
32,03/04/2019 19:45,Etihad Stadium,Man City,Cardiff,H,2 - 0
33,05/04/2019 20:00,St. Mary's Stadium,Southampton,Liverpool,A,1 - 3
33,06/04/2019 15:00,Vitality Stadium,Bournemouth,Burnley,A,1 - 3
33,06/04/2019 15:00,John Smith's Stadium,Huddersfield,Leicester,A,1 - 4
33,06/04/2019 15:00,St. James' Park,Newcastle,Crystal Palace,A,0 - 1
33,07/04/2019 14:05,Goodison Park,Everton,Arsenal,H,1 - 0
33,08/04/2019 20:00,Stamford Bridge,Chelsea,West Ham,H,2 - 0
34,12/04/2019 20:00,King Power Stadium,Leicester,Newcastle,A,0 - 1
34,13/04/2019 12:30,Tottenham Hotspur Stadium,Spurs,Huddersfield,H,4 - 0
34,13/04/2019 15:00,Amex Stadium,Brighton,Bournemouth,A,0 - 5
34,13/04/2019 15:00,Turf Moor,Burnley,Cardiff,H,2 - 0
34,13/04/2019 15:00,Craven Cottage,Fulham,Everton,H,2 - 0
34,13/04/2019 15:00,St. Mary's Stadium,Southampton,Wolves,H,3 - 1
34,13/04/2019 17:30,Old Trafford,Man Utd,West Ham,H,2 - 1
34,14/04/2019 14:05,Selhurst Park,Crystal Palace,Man City,A,1 - 3
34,14/04/2019 16:30,Anfield,Liverpool,Chelsea,H,2 - 0
34,15/04/2019 20:00,Vicarage Road,Watford,Arsenal,A,0 - 1
34,16/04/2019 19:45,Amex Stadium,Brighton,Cardiff,A,0 - 2
35,20/04/2019 12:30,Etihad Stadium,Man City,Spurs,H,1 - 0
35,20/04/2019 15:00,Vitality Stadium,Bournemouth,Fulham,A,0 - 1
35,20/04/2019 15:00,John Smith's Stadium,Huddersfield,Watford,A,1 - 2
35,20/04/2019 15:00,London Stadium,West Ham,Leicester,D,2 - 2
35,20/04/2019 15:00,Molineux Stadium,Wolves,Brighton,D,0 - 0
35,20/04/2019 17:30,St. James' Park,Newcastle,Southampton,H,3 - 1
35,21/04/2019 13:30,Goodison Park,Everton,Man Utd,H,4 - 0
35,21/04/2019 16:00,Emirates Stadium,Arsenal,Crystal Palace,A,2 - 3
35,21/04/2019 16:00,Cardiff City Stadium,Cardiff,Liverpool,A,0 - 2
35,22/04/2019 20:00,Stamford Bridge,Chelsea,Burnley,D,2 - 2
35,23/04/2019 19:45,Vicarage Road,Watford,Southampton,D,1 - 1
35,23/04/2019 19:45,Tottenham Hotspur Stadium,Spurs,Brighton,H,1 - 0
35,24/04/2019 19:45,Molineux Stadium,Wolves,Arsenal,H,3 - 1
35,24/04/2019 20:00,Old Trafford,Man Utd,Man City,A,0 - 2
36,26/04/2019 20:00,Anfield,Liverpool,Huddersfield,H,5 - 0
36,27/04/2019 12:30,Tottenham Hotspur Stadium,Spurs,West Ham,A,0 - 1
36,27/04/2019 15:00,Selhurst Park,Crystal Palace,Everton,D,0 - 0
36,27/04/2019 15:00,Craven Cottage,Fulham,Cardiff,H,1 - 0
36,27/04/2019 15:00,St. Mary's Stadium,Southampton,Bournemouth,D,3 - 3
36,27/04/2019 15:00,Vicarage Road,Watford,Wolves,A,1 - 2
36,27/04/2019 17:30,Amex Stadium,Brighton,Newcastle,D,1 - 1
36,28/04/2019 12:00,King Power Stadium,Leicester,Arsenal,H,3 - 0
36,28/04/2019 14:05,Turf Moor,Burnley,Man City,A,0 - 1
36,28/04/2019 16:30,Old Trafford,Man Utd,Chelsea,D,1 - 1
37,03/05/2019 20:00,Goodison Park,Everton,Burnley,H,2 - 0
37,04/05/2019 12:30,Vitality Stadium,Bournemouth,Spurs,H,1 - 0
37,04/05/2019 15:00,London Stadium,West Ham,Southampton,H,3 - 0
37,04/05/2019 15:00,Molineux Stadium,Wolves,Fulham,H,1 - 0
37,04/05/2019 17:30,Cardiff City Stadium,Cardiff,Crystal Palace,A,2 - 3
37,04/05/2019 19:45,St. James' Park,Newcastle,Liverpool,A,2 - 3
37,05/05/2019 14:00,Stamford Bridge,Chelsea,Watford,H,3 - 0
37,05/05/2019 14:00,John Smith's Stadium,Huddersfield,Man Utd,D,1 - 1
37,05/05/2019 16:30,Emirates Stadium,Arsenal,Brighton,D,1 - 1
37,06/05/2019 20:00,Etihad Stadium,Man City,Leicester,H,1 - 0
38,12/05/2019 15:00,Amex Stadium,Brighton,Man City,A,1 - 4
38,12/05/2019 15:00,Turf Moor,Burnley,Arsenal,A,1 - 3
38,12/05/2019 15:00,Selhurst Park,Crystal Palace,Bournemouth,H,5 - 3
38,12/05/2019 15:00,Craven Cottage,Fulham,Newcastle,A,0 - 4
38,12/05/2019 15:00,King Power Stadium,Leicester,Chelsea,D,0 - 0
38,12/05/2019 15:00,Anfield,Liverpool,Wolves,H,2 - 0
38,12/05/2019 15:00,Old Trafford,Man Utd,Cardiff,A,0 - 2
38,12/05/2019 15:00,St. Mary's Stadium,Southampton,Huddersfield,D,1 - 1
38,12/05/2019 15:00,Tottenham Hotspur Stadium,Spurs,Everton,D,2 - 2
38,12/05/2019 15:00,Vicarage Road,Watford,West Ham,A,1 - 4